<workflow-app name="SYS_ENG_DATA_INTEGRITY" xmlns="uri:oozie:workflow:0.5">

<credentials>
        <credential name="hs2-creds" type="hcat">
            <property>
                <name>hcat.metastore.principal</name>
                <value>hive/_HOST@DEVEDMHADOOP.BANKOFAMERICA.COM</value>
            </property>
            <property>
                <name>hcat.metastore.uri</name>
                <value>thrift://lrdne22epapd1i.corp.bankofamerica.com:9083</value>
            </property>
            <property>
                <name>hive2.jdbc.url</name>
                <value>jdbc:hive2://lrdne21wpapd1i.corp.bankofamerica.com:10000/</value>
            </property>
        </credential>
    </credentials>

<start to="SPARK_DB_DATA_INTEGRITY"/>
    
<action name="SPARK_DB_DATA_INTEGRITY" cred="hs2-creds">
        <spark xmlns="uri:oozie:spark-action:0.1">
            <job-tracker>${jobTracker}</job-tracker>
            <name-node>${nameNode}</name-node>
            <master>yarn-cluster</master>
            <mode>cluster</mode>
            <name>DataIntegrity Spark App</name>
            <class>com.bac.ecr.hdf.components.di.DataIntegrityDriver</class>
            <jar>${HDFS_ETL_DIR}/dataintegrity-1.0.0.jar</jar>
            <spark-opts>--files ${HDFS_ETL_DIR}/hive-site.xml,${HDFS_ETL_DIR}/hadooplog4j.properties</spark-opts>
            <arg>configJSON=${HDFS_ETL_DIR}/config.json</arg>
            <arg>mappingJSON=${HDFS_ETL_DIR}/mapping.json</arg>
	    <arg>load_date=${LOAD_DATE_VAL}</arg>
	    <arg>filterCondition=${sqoop_filter}</arg>
            </spark>
        <ok to="END"/>
        <error to="KILL_JOB_ACTION"/>
    </action>
	<kill name="KILL_JOB_ACTION">
    <message>Script failed, error message[${wf:errorMessage(wf:lastErrorNode())}]</message>
    </kill>
  <end name='END' />
</workflow-app>
