{
  "columnMapping" : [ {
    "columnName" : "feed_sys_cd",
    "columnType" : "string",
    "isPartitioned" : null,
    "partitionOrder" : 0,
    "ordinal" : 1,
    "inSourceFile" : true
  }, {
    "columnName" : "src_sys_cd",
    "columnType" : "string",
    "isPartitioned" : null,
    "partitionOrder" : 0,
    "ordinal" : 2,
    "inSourceFile" : true
  }, {
    "columnName" : "src_sys_facility_id",
    "columnType" : "string",
    "isPartitioned" : null,
    "partitionOrder" : 0,
    "ordinal" : 3,
    "inSourceFile" : true
  }, {
    "columnName" : "src_sys_limit_key_txt",
    "columnType" : "string",
    "isPartitioned" : null,
    "partitionOrder" : 0,
    "ordinal" : 4,
    "inSourceFile" : true
  }, {
    "columnName" : "risk_limit_type_cd",
    "columnType" : "string",
    "isPartitioned" : null,
    "partitionOrder" : 0,
    "ordinal" : 5,
    "inSourceFile" : true
  }, {
    "columnName" : "risk_country_cd",
    "columnType" : "string",
    "isPartitioned" : null,
    "partitionOrder" : 0,
    "ordinal" : 6,
    "inSourceFile" : true
  }, {
    "columnName" : "risk_rating_cd",
    "columnType" : "string",
    "isPartitioned" : null,
    "partitionOrder" : 0,
    "ordinal" : 7,
    "inSourceFile" : true
  }, {
    "columnName" : "capital_legal_status_cd",
    "columnType" : "string",
    "isPartitioned" : null,
    "partitionOrder" : 0,
    "ordinal" : 8,
    "inSourceFile" : true
  }, {
    "columnName" : "tenor_cd",
    "columnType" : "string",
    "isPartitioned" : null,
    "partitionOrder" : 0,
    "ordinal" : 9,
    "inSourceFile" : true
  }, {
    "columnName" : "instrument_type_cd",
    "columnType" : "string",
    "isPartitioned" : null,
    "partitionOrder" : 0,
    "ordinal" : 10,
    "inSourceFile" : true
  }, {
    "columnName" : "drawdown_currency_cd",
    "columnType" : "string",
    "isPartitioned" : null,
    "partitionOrder" : 0,
    "ordinal" : 11,
    "inSourceFile" : true
  }, {
    "columnName" : "participant_customer_src_sys_cd",
    "columnType" : "string",
    "isPartitioned" : null,
    "partitionOrder" : 0,
    "ordinal" : 12,
    "inSourceFile" : true
  }, {
    "columnName" : "participant_customer_nbr",
    "columnType" : "string",
    "isPartitioned" : null,
    "partitionOrder" : 0,
    "ordinal" : 13,
    "inSourceFile" : true
  }, {
    "columnName" : "primary_customer_src_sys_cd",
    "columnType" : "string",
    "isPartitioned" : null,
    "partitionOrder" : 0,
    "ordinal" : 14,
    "inSourceFile" : true
  }, {
    "columnName" : "primary_customer_nbr",
    "columnType" : "string",
    "isPartitioned" : null,
    "partitionOrder" : 0,
    "ordinal" : 15,
    "inSourceFile" : true
  }, {
    "columnName" : "capital_purpose_cd",
    "columnType" : "string",
    "isPartitioned" : null,
    "partitionOrder" : 0,
    "ordinal" : 16,
    "inSourceFile" : true
  }, {
    "columnName" : "collateral_type_cd",
    "columnType" : "string",
    "isPartitioned" : null,
    "partitionOrder" : 0,
    "ordinal" : 17,
    "inSourceFile" : true
  }, {
    "columnName" : "support_type_cd",
    "columnType" : "string",
    "isPartitioned" : null,
    "partitionOrder" : 0,
    "ordinal" : 18,
    "inSourceFile" : true
  }, {
    "columnName" : "limit_currency_cd",
    "columnType" : "string",
    "isPartitioned" : null,
    "partitionOrder" : 0,
    "ordinal" : 19,
    "inSourceFile" : true
  }, {
    "columnName" : "gross_facility_natv_amt",
    "columnType" : "string",
    "isPartitioned" : null,
    "partitionOrder" : 0,
    "ordinal" : 20,
    "inSourceFile" : true
  }, {
    "columnName" : "available_natv_amt",
    "columnType" : "string",
    "isPartitioned" : null,
    "partitionOrder" : 0,
    "ordinal" : 21,
    "inSourceFile" : true
  }, {
    "columnName" : "original_commitment_natv_amt",
    "columnType" : "string",
    "isPartitioned" : null,
    "partitionOrder" : 0,
    "ordinal" : 22,
    "inSourceFile" : true
  }, {
    "columnName" : "ar_purpose_cd",
    "columnType" : "string",
    "isPartitioned" : null,
    "partitionOrder" : 0,
    "ordinal" : 23,
    "inSourceFile" : true
  },{
    "columnName" : "legacy_financial_src_sys_cd",
    "columnType" : "string",
    "isPartitioned" : null,
    "partitionOrder" : 0,
    "ordinal" : 24,
    "inSourceFile" : true
  }, {
    "columnName" : "legacy_gl_account_nbr",
    "columnType" : "string",
    "isPartitioned" : null,
    "partitionOrder" : 0,
    "ordinal" : 25,
    "inSourceFile" : true
  }, {
    "columnName" : "gl_account_nbr",
    "columnType" : "string",
    "isPartitioned" : null,
    "partitionOrder" : 0,
    "ordinal" : 26,
    "inSourceFile" : true
  }, {
    "columnName" : "gl_trading_partner_nbr",
    "columnType" : "string",
    "isPartitioned" : null,
    "partitionOrder" : 0,
    "ordinal" : 27,
    "inSourceFile" : true
  }, {
    "columnName" : "gl_product_class_cd",
    "columnType" : "int",
    "isPartitioned" : null,
    "partitionOrder" : 0,
    "ordinal" : 28,
    "inSourceFile" : true
  }, {
    "columnName" : "gl_sub_account_nbr",
    "columnType" : "string",
    "isPartitioned" : null,
    "partitionOrder" : 0,
    "ordinal" : 29,
    "inSourceFile" : true
  }, {
    "columnName" : "gl_account_activity_cd",
    "columnType" : "string",
    "isPartitioned" : null,
    "partitionOrder" : 0,
    "ordinal" : 30,
    "inSourceFile" : true
  }, {
    "columnName" : "original_data_src_cd",
    "columnType" : "string",
    "isPartitioned" : null,
    "partitionOrder" : 0,
    "ordinal" : 31,
    "inSourceFile" : true
  }, {
    "columnName" : "primary_repayment_src_cd",
    "columnType" : "string",
    "isPartitioned" : null,
    "partitionOrder" : 0,
    "ordinal" : 32,
    "inSourceFile" : true
  }, {
    "columnName" : "secondary_repayment_src_cd",
    "columnType" : "string",
    "isPartitioned" : null,
    "partitionOrder" : 0,
    "ordinal" : 33,
    "inSourceFile" : true
  }, {
    "columnName" : "purchase_receivables_ind",
    "columnType" : "string",
    "isPartitioned" : null,
    "partitionOrder" : 0,
    "ordinal" : 34,
    "inSourceFile" : true
  }, {
    "columnName" : "dilution_risk_ind",
    "columnType" : "string",
    "isPartitioned" : null,
    "partitionOrder" : 0,
    "ordinal" : 35,
    "inSourceFile" : true
  }, {
    "columnName" : "refundable_discount_ind",
    "columnType" : "string",
    "isPartitioned" : null,
    "partitionOrder" : 0,
    "ordinal" : 36,
    "inSourceFile" : true
  }, {
    "columnName" : "top_down_method_eligibility_ind",
    "columnType" : "string",
    "isPartitioned" : null,
    "partitionOrder" : 0,
    "ordinal" : 37,
    "inSourceFile" : true
  }, {
    "columnName" : "securitization_expsr_id",
    "columnType" : "string",
    "isPartitioned" : null,
    "partitionOrder" : 0,
    "ordinal" : 38,
    "inSourceFile" : true
  }, {
    "columnName" : "liquidity_eligilble_ind",
    "columnType" : "string",
    "isPartitioned" : null,
    "partitionOrder" : 0,
    "ordinal" : 39,
    "inSourceFile" : true
  }, {
    "columnName" : "pool_id",
    "columnType" : "string",
    "isPartitioned" : null,
    "partitionOrder" : 0,
    "ordinal" : 40,
    "inSourceFile" : true
  }, {
    "columnName" : "total_facility_natv_amt",
    "columnType" : "string",
    "isPartitioned" : null,
    "partitionOrder" : 0,
    "ordinal" : 41,
    "inSourceFile" : true
  }, {
    "columnName" : "securitization_pool_id",
    "columnType" : "string",
    "isPartitioned" : null,
    "partitionOrder" : 0,
    "ordinal" : 42,
    "inSourceFile" : true
  }, {
    "columnName" : "cre_postal_cd",
    "columnType" : "string",
    "isPartitioned" : null,
    "partitionOrder" : 0,
    "ordinal" : 43,
    "inSourceFile" : true
  }, {
    "columnName" : "reg_z_usd_amt",
    "columnType" : "string",
    "isPartitioned" : null,
    "partitionOrder" : 0,
    "ordinal" : 44,
    "inSourceFile" : true
  }, {
    "columnName" : "as_of_dt",
    "columnType" : "string",
    "isPartitioned" : null,
    "partitionOrder" : 0,
    "ordinal" : 45,
    "inSourceFile" : true
  }, {
    "columnName" : "load_dt",
    "columnType" : "string",
    "isPartitioned" : null,
    "partitionOrder" : 0,
    "ordinal" : 46,
    "inSourceFile" : true
  }, {
    "columnName" : "audit_id",
    "columnType" : "string",
    "isPartitioned" : null,
    "partitionOrder" : 0,
    "ordinal" : 47,
    "inSourceFile" : true
  }, {
    "columnName" : "load_date",
    "columnType" : "string",
    "isPartitioned" : "Y",
    "partitionOrder" : 1,
    "ordinal" : 48,
    "inSourceFile" : false
  }]
}
