<workflow-app name="SYS_ENG_DATA_SOURCING" xmlns="uri:oozie:workflow:0.5">

<credentials>
        <credential name="hs2-creds" type="hcat">
            <property>
                <name>hcat.metastore.principal</name>
                <value>hive/_HOST@DEVEDMHADOOP.BANKOFAMERICA.COM</value>
            </property>
            <property>
                <name>hcat.metastore.uri</name>
                <value>thrift://lrdne22epapd1i.corp.bankofamerica.com:9083</value>
            </property>
            <property>
                <name>hive2.jdbc.url</name>
                <value>jdbc:hive2://lrdne21wpapd1i.corp.bankofamerica.com:10000/</value>
            </property>
        </credential>
    </credentials>

<start to="SOURCE_DB"/>


<action name="SOURCE_DB">
    <sqoop xmlns="uri:oozie:sqoop-action:0.2">
        <job-tracker>${jobTracker}</job-tracker>
        <name-node>${nameNode}</name-node>
        <prepare>
           <delete path="${HDFS_DB_STAGING}"/>
         </prepare>
        <configuration>
            <property>
             <name>oozie.launcher.mapred.map.child.env</name>
             <value>HADOOP_CREDSTORE_PASSWORD=none</value>
           </property>
           <property>
             <name>hadoop.security.credential.provider.path</name>
             <value>${CREDENTIAL_PATH}</value>
           </property>
           <property>
              <name>oozie.launcher.mapreduce.map.java.opts</name>
	      <value>-Dsqoop.test.import.rootDir=${SQOOP_TMP_DIR}</value>
            </property>
           <!--
            <property>
        <name>sqoop.connection.factories</name>
        <value>com.cloudera.sqoop.manager.EnterpriseManagerFactory,com.cloudera.sqoop.manager.NetezzaManagerFactory</value>
    </property>
-->
        </configuration>
        <arg>import</arg>
        <arg>--connect</arg>
         <arg>${DB_DRIVER}</arg>
         <arg>--username</arg>
 <arg>${DB_USER}</arg>
 <arg>--password-alias</arg>
 <arg>${DB_PASSWORD_ALIAS}</arg>
 <arg>--query</arg>
 <arg>${DB_QUERY}</arg>
 <arg>--target-dir</arg>
 <arg>${HDFS_DB_STAGING}</arg>
 <arg>--fields-terminated-by</arg>
 <arg>${FIELD_DELIMITER}</arg>
 <arg>-m</arg>
<arg>${NO_OF_MAPPERS}</arg>
<arg>--split-by</arg>
<arg>${SPLIT_COLUMN}</arg>
<arg>--verbose</arg>
    </sqoop>
    <ok to="SPARK_DATA_SOURCING"/>
    <error to="KILL_JOB_ACTION"/>
</action>
    
<action name="SPARK_DATA_SOURCING" cred="hs2-creds">
        <spark xmlns="uri:oozie:spark-action:0.1">
            <job-tracker>${jobTracker}</job-tracker>
            <name-node>${nameNode}</name-node>
            <!--
            <configuration>
            <property>
            <name>oozie.action.sharelib.for.sqoop</name>
            <value>sqoop</value>
            </property>
            </configuration>
            -->
            <master>yarn-cluster</master>
            <mode>cluster</mode>
            <name>DataSourcing Spark App</name>
            <class>com.bac.ecr.hdf.components.ds.DataSourcingDriver</class>
            <jar>${HDFS_ETL_DIR}/datasourcing-1.0.0.jar</jar>
            <spark-opts>--files ${HDFS_ETL_DIR}/hive-site.xml,${HDFS_ETL_DIR}/hadooplog4j.properties</spark-opts>
            <arg>configJSON=${HDFS_ETL_DIR}/config.json</arg>
            <arg>mappingJSON=${HDFS_ETL_DIR}/mapping.json</arg>
	    <arg>load_date=${LOAD_DATE_VAL}</arg>
	    <arg>filterCondition=${sqoop_filter}</arg>
            </spark>
        <ok to="END"/>
        <error to="KILL_JOB_ACTION"/>
    </action>
	<kill name="KILL_JOB_ACTION">
    <message>Script failed, error message[${wf:errorMessage(wf:lastErrorNode())}]</message>
    </kill>
  <end name='END' />
</workflow-app>
